[
  {
    "Id": 8,
    "Genre": "Violent",
    "Games": [
      {
        "Id": 53,
        "Title": "Warframe",
        "Developer": "Digital Extremes",
        "Tags": "Multi-player, Co-op, Steam Trading Cards, In-App Purchases, Single-player, Partial Controller Support",
        "Players": 6
      },
      {
        "Id": 28,
        "Title": "Soul at Stake",
        "Developer": "Chongming Studio",
        "Tags": "Online Co-op, Multi-player, Co-op, Online Multi-Player, Steam Cloud",
        "Players": 2
      },
      {
        "Id": 59,
        "Title": "Black Desert Online",
        "Developer": "Pearl Abyss",
        "Tags": "Online Co-op, Steam Trading Cards, In-App Purchases, Partial Controller Support, Online Multi-Player, MMO",
        "Players": 1
      },
      {
        "Id": 68,
        "Title": "Dead by Daylight",
        "Developer": "Behaviour Digital Inc.",
        "Tags": "Online Co-op, Multi-player, Co-op, Steam Trading Cards, Steam Achievements, Online Multi-Player, Full controller support, Steam Cloud",
        "Players": 1
      }
    ],
    "TotalPlayers": 10
  },
  {
    "Id": 11,
    "Genre": "Nudity",
    "Games": [
      {
        "Id": 73,
        "Title": "Path of Exile",
        "Developer": "Grinding Gear Games",
        "Tags": "Multi-player, Co-op, Steam Trading Cards, In-App Purchases, Single-player, Steam Achievements, Online Multi-Player, MMO",
        "Players": 2
      },
      {
        "Id": 10,
        "Title": "Rust",
        "Developer": "Facepunch Studios",
        "Tags": "Online Co-op, Multi-player, Co-op, Steam Trading Cards, Steam Workshop, In-App Purchases, Valve Anti-Cheat enabled, Steam Achievements, Online Multi-Player, Cross-Platform Multiplayer, MMO, Stats",
        "Players": 1
      },
      {
        "Id": 36,
        "Title": "Conan Exiles",
        "Developer": "Funcom",
        "Tags": "Online Co-op, Multi-player, Co-op, Steam Trading Cards, Steam Workshop, Single-player, Steam Achievements, Online Multi-Player, Full controller support",
        "Players": 1
      },
      {
        "Id": 71,
        "Title": "The Witcher 3: Wild Hunt",
        "Developer": "CD PROJEKT RED",
        "Tags": "Steam Trading Cards, Single-player, Steam Achievements, Full controller support, Steam Cloud",
        "Players": 1
      }
    ],
    "TotalPlayers": 5
  }
]